tax_id,Org_name,GeneID,CurrentID,Status,Symbol,Aliases,description,other_designations,map_location,chromosome,genomic_nucleotide_accession.version,start_position_on_the_genomic_accession,end_position_on_the_genomic_accession,orientation,exon_count,OMIM
9606,Homo sapiens,2,0,live,A2M,"A2MD, CPAMD5, FWP007, S863-7",alpha-2-macroglobulin,alpha-2-macroglobulin|C3 and PZP-like alpha-2-macroglobulin domain-containing protein 5|alpha-2-M,12p13.31,12,NC_000012.12,9067708,9116229,minus,37,103950
9606,Homo sapiens,15,0,live,AANAT,"DSPS, SNAT",aralkylamine N-acetyltransferase,serotonin N-acetyltransferase|arylalkylamine N-acetyltransferase|serotonin acetylase,17q25.1,17,NC_000017.11,76453351,76470797,plus,8,600950
9606,Homo sapiens,5243,0,live,ABCB1,"ABC20, CD243, CLCS, GP170, MDR1, P-GP, PGY1",ATP binding cassette subfamily B member 1,"ATP-dependent translocase ABCB1|ATP-binding cassette, sub-family B (MDR/TAP), member 1|P-glycoprotein 1|colchicin sensitivity|doxorubicin resistance|multidrug resistance protein 1|phospholipid transporter ABCB1",7q21.12,7,NC_000007.14,87503017,87713295,minus,32,171050
9606,Homo sapiens,43,0,live,ACHE,"ACEE, ARACHE, N-ACHE, YT",acetylcholinesterase (Cartwright blood group),acetylcholinesterase|Yt blood group|acetylcholinesterase (Yt blood group)|apoptosis-related acetylcholinesterase,7q22.1,7,NC_000007.14,100889994,100896994,minus,8,100740
9606,Homo sapiens,49,0,live,ACR,,acrosin,acrosin|acrosin light and heavy chain prepropeptide|preproacrosin|proacrosin,22q13.33,22,NC_000022.11,50738204,50745339,plus,5,102480
9606,Homo sapiens,23394,0,live,ADNP,"ADNP1, HVDAS, MRD28",activity dependent neuroprotector homeobox,activity-dependent neuroprotector homeobox protein|ADNP homeobox 1|activity-dependent neuroprotective protein|activity-dependent neuroprotector,20q13.13,20,NC_000020.11,50888918,50931437,minus,9,611386
9606,Homo sapiens,174,0,live,AFP,"AFPD, FETA, HPAFP",alpha fetoprotein,alpha-fetoprotein|alpha-1-fetoprotein|alpha-fetoglobulin,4q13.3,4,NC_000004.12,73436221,73456174,plus,15,104150
9606,Homo sapiens,191,0,live,AHCY,"SAHH, adoHcyase",adenosylhomocysteinase,adenosylhomocysteinase|S-adenosyl-L-homocysteine hydrolase|S-adenosylhomocysteine hydrolase|epididymis secretory sperm binding protein,20q11.22,20,NC_000020.11,34235012,34311976,minus,17,180960
9606,Homo sapiens,196,0,live,AHR,"RP85, bHLHe76",aryl hydrocarbon receptor,aryl hydrocarbon receptor|AH-receptor|ah receptor|aromatic hydrocarbon receptor|class E basic helix-loop-helix protein 76,7p21.1,7,NC_000007.14,17298652,17346147,plus,11,600253
9606,Homo sapiens,9131,0,live,AIFM1,"AIF, AUNX1, CMT2D, CMTX4, COWCK, COXPD6, DFNX5, NADMR, NAMSD, PDCD8, SEMDHL",apoptosis inducing factor mitochondria associated 1,"apoptosis-inducing factor 1, mitochondrial|apoptosis-inducing factor, mitochondrion-associated, 1|auditory neuropathy, X-linked recessive 1|programmed cell death 8 (apoptosis-inducing factor)|striatal apoptosis-inducing factor|testicular secretory protein Li 4",Xq26.1,X,NC_000023.11,130129362,130165841,minus,18,"300,169,300,614,310,000"
9606,Homo sapiens,213,0,live,ALB,"HSA, PRO0883, PRO0903, PRO1341",albumin,albumin|serum albumin,4q13.3,4,NC_000004.12,73404287,73421482,plus,15,103600
9606,Homo sapiens,216,0,live,ALDH1A1,"ALDC, ALDH-E1, ALDH1, ALDH11, HEL-9, HEL-S-53e, HEL12, PUMB1, RALDH1",aldehyde dehydrogenase 1 family member A1,"retinal dehydrogenase 1|ALDH class 1|ALHDII|RALDH 1|acetaldehyde dehydrogenase 1|aldehyde dehydrogenase 1, soluble|aldehyde dehydrogenase, liver cytosolic|epididymis luminal protein 12|epididymis luminal protein 9|epididymis secretory sperm binding protein Li 53e|retinaldehyde dehydrogenase 1",9q21.13,9,NC_000009.12,72900671,72953053,minus,13,100640
9606,Homo sapiens,283,0,live,ANG,"ALS9, HEL168, RAA1, RNASE4, RNASE5",angiogenin,"angiogenin|RNase 5|angiogenin, ribonuclease, RNase A family, 5|epididymis luminal protein 168|ribonuclease 5|ribonuclease A A1|ribonuclease A family member 5",14q11.2,14,NC_000014.9,20684177,20694186,plus,4,105850
9606,Homo sapiens,287,0,live,ANK2,"ANK-2, CFAP87, FAP87, LQT4, brank-2",ankyrin 2,"ankyrin-2|ankyrin 2, neuronal|ankyrin B|ankyrin, brain|ankyrin-2, nonerythrocytic|non-erythroid ankyrin",4q25-q26,4,NC_000004.12,112705622,113383736,plus,61,106410
9606,Homo sapiens,26,0,live,AOC1,"ABP, ABP1, DAO, DAO1, KAO",amine oxidase copper containing 1,amiloride-sensitive amine oxidase [copper-containing]|amiloride binding protein 1 (amine oxidase (copper-containing))|amiloride-binding protein 1|amiloride-sensitive amine oxidase|amine oxidase copper domain-containing protein 1|diamine oxidase|histaminase|kidney amine oxidase,7q36.1,7,NC_000007.14,150824875,150861504,plus,10,104610
9606,Homo sapiens,314,0,live,AOC2,"DAO2, RAO, SSAO",amine oxidase copper containing 2,"retina-specific copper amine oxidase|amine oxidase, copper containing 2 (retina-specific)|semicarbazide-sensitive amine oxidase",17q21.31,17,NC_000017.11,42844580,42850707,plus,4,602268
9606,Homo sapiens,8639,0,live,AOC3,"HPAO, SSAO, VAP-1, VAP1",amine oxidase copper containing 3,"membrane primary amine oxidase|amine oxidase, copper containing 3 (vascular adhesion protein 1)|copper amine oxidase|placenta copper monamine oxidase|semicarbazide-sensitive amine oxidase",17q21.31,17,NC_000017.11,42851182,42858130,plus,6,603735
9606,Homo sapiens,1174,0,live,AP1S1,"AP19, CLAPS1, EKV3, MEDNIK, SIGMA1A",adaptor related protein complex 1 subunit sigma 1,"AP-1 complex subunit sigma-1A|HA1 19 kDa subunit|adapter-related protein complex 1 sigma-1A subunit|adaptor protein complex AP-1 subunit sigma-1A|adaptor related protein complex 1 sigma 1 subunit|adaptor-related protein complex 1 subunit sigma-1A|clathrin assembly protein complex 1 sigma-1A small chain|clathrin coat assembly protein AP19|clathrin-associated/assembly/adaptor protein, small 1 (19kD)|golgi adaptor HA1/AP1 adaptin sigma-1A subunit|sigma1A subunit of AP-1 clathrin adaptor complex|sigma1A-adaptin",7q22.1,7,NC_000007.14,101154476,101161276,plus,5,603531
9606,Homo sapiens,333,0,live,APLP1,APLP,amyloid beta precursor like protein 1,amyloid-like protein 1|amyloid beta (A4) precursor-like protein 1|amyloid precursor-like protein 1,19q13.12,19,NC_000019.10,35868570,35879795,plus,17,104775
9606,Homo sapiens,334,0,live,APLP2,"APLP-2, APPH, APPL2, CDEBP",amyloid beta precursor like protein 2,amyloid-like protein 2|CDEI box-binding protein|amyloid beta (A4) precursor-like protein 2|amyloid precursor protein homolog HSD-2|testicular tissue protein Li 23,11q24.3,11,NC_000011.10,130069894,130144805,plus,20,104776
9606,Homo sapiens,337,0,live,APOA4,,apolipoprotein A4,apolipoprotein A-IV|apo-AIV|apoA-IV,11q23.3,11,NC_000011.10,116820700,116823304,minus,3,107690
9606,Homo sapiens,348,0,live,APOE,"AD2, APO-E, ApoE4, LDLCQ5, LPG",apolipoprotein E,apolipoprotein E|apolipoprotein E3,19q13.32,19,NC_000019.10,44905796,44909393,plus,6,107741
9606,Homo sapiens,351,0,live,APP,"AAA, ABETA, ABPP, AD1I, CTFgamma, CVAP, PN-II, PN2, preA4, APP",amyloid beta precursor protein,amyloid-beta precursor protein|alzheimer disease amyloid protein|amyloid beta (A4) precursor protein|amyloid beta A4 protein|amyloid precursor protein|beta-amyloid peptide|beta-amyloid peptide(1-40)|beta-amyloid peptide(1-42)|beta-amyloid precursor protein|cerebral vascular amyloid peptide|peptidase nexin-II|protease nexin-II|testicular tissue protein Li 2,21q21.3,21,NC_000021.9,25880550,26171128,minus,20,104760
9606,Homo sapiens,358,0,live,AQP1,"AQP-CHIP, CHIP28, CO",aquaporin 1 (Colton blood group),"aquaporin-1|aquaporin 1 (channel-forming integral protein, 28kDa, CO blood group)|aquaporin 1, Colton blood group antigen|aquaporin-CHIP|channel-like integral membrane protein, 28-kDa|urine water channel|water channel protein for red blood cells and kidney proximal tubule",7p14.3,7,NC_000007.14,30911853,30925516,plus,4,107776
9606,Homo sapiens,359,0,live,AQP2,"AQP-CD, WCH-CD",aquaporin 2,aquaporin-2|ADH water channel|AQP-2|aquaporin 2 (collecting duct)|aquaporin-CD|collecting duct water channel protein|water channel protein for renal collecting duct|water-channel aquaporin 2,12q13.12,12,NC_000012.12,49950737,49958878,plus,4,107777
9606,Homo sapiens,375,0,live,ARF1,PVNH8,ADP ribosylation factor 1,ADP-ribosylation factor 1,1q42.13,1,NC_000001.11,228082708,228099212,plus,6,103180
9606,Homo sapiens,472,0,live,ATM,"AT1, ATA, ATC, ATD, ATDC, ATE, TEL1, TELO1",ATM serine/threonine kinase,"serine-protein kinase ATM|A-T mutated|AT mutated|TEL1, telomere maintenance 1, homolog|ataxia telangiectasia mutated",11q22.3,11,NC_000011.10,108222484,108369102,plus,69,607585
9606,Homo sapiens,475,0,live,ATOX1,"ATX1, HAH1",antioxidant 1 copper chaperone,copper transport protein ATOX1|ATX1 antioxidant protein 1 homolog|metal transport protein ATX1,5q33.1,5,NC_000005.10,151742822,151758631,minus,4,602270
9606,Homo sapiens,513,0,live,ATP5F1D,"ATP5D, MC5DN5",ATP synthase F1 subunit delta,"ATP synthase subunit delta, mitochondrial|ATP synthase, H+ transporting, mitochondrial F1 complex, delta subunit|F-ATPase delta subunit|mitochondrial ATP synthase complex delta-subunit precusor|mitochondrial ATP synthase, delta subunit",19p13.3,19,NC_000019.10,1241751,1244825,plus,5,603150
9606,Homo sapiens,538,0,live,ATP7A,"DSMAX, MK, MNK, SMAX3",ATPase copper transporting alpha,"copper-transporting ATPase 1|ATPase, Cu++ transporting, alpha polypeptide|Cu++-transporting P-type ATPase|Menkes disease-associated protein|copper pump 1",Xq21.1,X,NC_000023.11,77910693,78050395,plus,23,300011
9606,Homo sapiens,540,0,live,ATP7B,"PWD, WC1, WD, WND",ATPase copper transporting beta,"copper-transporting ATPase 2|ATPase, Cu(2+)- transporting, beta polypeptide|ATPase, Cu++ transporting, beta polypeptide|Wilson disease-associated protein|copper pump 2|copper-transporting protein ATP7B",13q14.3,13,NC_000013.11,51932669,52012130,minus,29,606882
9606,Homo sapiens,567,0,live,B2M,IMD43,beta-2-microglobulin,beta-2-microglobulin|beta chain of MHC class I molecules|beta-2-microglobin,15q21.1,15,NC_000015.10,44711492,44718145,plus,3,109700
9606,Homo sapiens,23621,0,live,BACE1,"ASP2, BACE, HSPC104",beta-secretase 1,beta-secretase 1|APP beta-secretase|asp 2|aspartyl protease 2|beta-secretase 1 precursor variant 1|beta-site APP cleaving enzyme 1|beta-site APP-cleaving enzyme|beta-site amyloid beta A4 precursor protein-cleaving enzyme|memapsin-2|membrane-associated aspartic protease 2|transmembrane aspartic proteinase Asp2,11q23.3,11,NC_000011.10,117285207,117316256,minus,10,604252
9606,Homo sapiens,581,0,live,BAX,BCL2L4,"BCL2 associated X, apoptosis regulator",apoptosis regulator BAX|BCL2 associated X protein|BCL2-associated X protein omega|Baxdelta2G9|Baxdelta2G9omega|Baxdelta2omega|bcl-2-like protein 4|bcl2-L-4,19q13.33,19,NC_000019.10,48954825,48961798,plus,7,600040
9606,Homo sapiens,635,0,live,BHMT,"BHMT1, HEL-S-61p",betaine--homocysteine S-methyltransferase,betaine--homocysteine S-methyltransferase 1|epididymis secretory sperm binding protein Li 61p,5q14.1,5,NC_000005.10,79111809,79132288,plus,8,602888
9606,Homo sapiens,23743,0,live,BHMT2,,betaine--homocysteine S-methyltransferase 2,S-methylmethionine--homocysteine S-methyltransferase BHMT2|SMM-hcy methyltransferase|betaine-homocysteine methyltransferase 2,5q14.1,5,NC_000005.10,79069767,79090069,plus,8,605932
9606,Homo sapiens,332,0,live,BIRC5,"API4, EPR-1",baculoviral IAP repeat containing 5,baculoviral IAP repeat-containing protein 5|apoptosis inhibitor 4|apoptosis inhibitor survivin|survivin variant 3 alpha,17q25.3,17,NC_000017.11,78214253,78225635,plus,6,603352
9606,Homo sapiens,664,0,live,BNIP3,NIP3,BCL2 interacting protein 3,BCL2/adenovirus E1B 19 kDa protein-interacting protein 3|BCL2/adenovirus E1B 19kDa interacting protein 3|BCL2/adenovirus E1B interacting protein 3|nineteen kD interacting protein-3,10q26.3,10,NC_000010.11,131967683,131982013,minus,6,603293
9606,Homo sapiens,389197,0,live,C4orf50,,chromosome 4 open reading frame 50,uncharacterized protein C4orf50,4p16.1,4,NC_000004.12,5897591,6018762,minus,17,
9606,Homo sapiens,759,0,live,CA1,"CA-I, CAB, Car1, HEL-S-11",carbonic anhydrase 1,carbonic anhydrase 1|carbonate dehydratase I|carbonic anhydrase B|carbonic anhydrase I|epididymis secretory protein Li 11|epididymis secretory sperm binding protein,8q21.2,8,NC_000008.11,85327608,85378113,minus,11,114800
9606,Homo sapiens,377677,0,live,CA13,CAXIII,carbonic anhydrase 13,carbonic anhydrase 13|CA-XIII|carbonate dehydratase XIII|carbonic anhydrase XIII,8q21.2,8,NC_000008.11,85245458,85284073,plus,7,611436
9606,Homo sapiens,760,0,live,CA2,"CA-II, CAC, CAII, Car2, HEL-76, HEL-S-282",carbonic anhydrase 2,carbonic anhydrase 2|carbonate dehydratase II|carbonic anhydrase B|carbonic anhydrase C|carbonic anhydrase II|carbonic dehydratase|epididymis luminal protein 76|epididymis secretory protein Li 282,8q21.2,8,NC_000008.11,85464007,85481493,plus,7,611492
9606,Homo sapiens,761,0,live,CA3,"CAIII, Car3",carbonic anhydrase 3,"carbonic anhydrase 3|CA-III|HEL-S-167mP|carbonate dehydratase III|carbonic anhydrase III, muscle specific|carbonic anhydrase IIII|epididymis secretory sperm binding protein Li 167mP",8q21.2,8,NC_000008.11,85438859,85449040,plus,7,114750
9606,Homo sapiens,55832,0,live,CAND1,"TIP120, TIP120A",cullin associated and neddylation dissociated 1,cullin-associated NEDD8-dissociated protein 1|TBP-interacting protein of 120 kDa A|p120 CAND1,12q14.3-q15,12,NC_000012.12,67269358,67319953,plus,17,607727
9606,Homo sapiens,836,0,live,CASP3,"CPP32, CPP32B, SCA-1",caspase 3,"caspase-3|CASP-3|CPP-32|PARP cleavage protease|SREBP cleavage activity 1|apopain|caspase 3, apoptosis-related cysteine peptidase|caspase 3, apoptosis-related cysteine protease|cysteine protease CPP32|procaspase3|protein Yama",4q35.1,4,NC_000004.12,184627696,184649447,minus,9,600636
9606,Homo sapiens,841,0,live,CASP8,"ALPS2B, CAP4, Casp-8, FLICE, MACH, MCH5",caspase 8,"caspase-8|FADD-homologous ICE/CED-3-like protease|FADD-like ICE|ICE-like apoptotic protease 5|MACH-alpha-1/2/3 protein|MACH-beta-1/2/3/4 protein|MORT1-associated ced-3 homolog|apoptotic cysteine protease|apoptotic protease Mch-5|caspase 8, apoptosis-related cysteine peptidase|caspase 8, apoptosis-related cysteine protease",2q33.1,2,NC_000002.12,201233443,201287711,plus,15,601763
9606,Homo sapiens,842,0,live,CASP9,"APAF-3, APAF3, ICE-LAP6, MCH6, PPP1R56",caspase 9,"caspase-9|ICE-like apoptotic protease 6|apoptotic protease MCH-6|apoptotic protease activating factor 3|caspase 9, apoptosis-related cysteine peptidase|protein phosphatase 1, regulatory subunit 56",1p36.21,1,NC_000001.11,15491401,15524912,minus,11,602234
9606,Homo sapiens,875,0,live,CBS,"CBSL, HIP4",cystathionine beta-synthase,cystathionine beta-synthase|Cystathionine beta-synthase-like protein|beta-thionase|methylcysteine synthase|serine sulfhydrase,21q22.3,21,NC_000021.9,43053190,43076873,minus,23,613381
9606,Homo sapiens,28952,0,live,CCDC22,"CXorf37, JM1, RTSC2",coiled-coil domain containing 22,coiled-coil domain-containing protein 22,Xp11.23,X,NC_000023.11,49235470,49250526,plus,17,300859
9606,Homo sapiens,148870,0,live,CCDC27,,coiled-coil domain containing 27,coiled-coil domain-containing protein 27,1p36.32,1,NC_000001.11,3752398,3771645,plus,13,
9606,Homo sapiens,6352,0,live,CCL5,"D17S136E, RANTES, SCYA5, SIS-delta, SISd, TCP228, eoCP",C-C motif chemokine ligand 5,"C-C motif chemokine 5|T-cell specific protein p288|beta-chemokine RANTES|chemokine (C-C motif) ligand 5|eosinophil chemotactic cytokine|regulated upon activation, normally T-expressed, and presumably secreted|small inducible cytokine subfamily A (Cys-Cys), member 5",17q12,17,NC_000017.11,35871491,35880360,minus,4,187011
9606,Homo sapiens,9973,0,live,CCS,,copper chaperone for superoxide dismutase,copper chaperone for superoxide dismutase|superoxide dismutase copper chaperone,11q13.2,11,NC_000011.10,66593162,66606019,plus,8,603864
9606,Homo sapiens,983,0,live,CDK1,"CDC2, CDC28A, P34CDC2",cyclin dependent kinase 1,"cyclin-dependent kinase 1|cell cycle controller CDC2|cell division control protein 2 homolog|cell division cycle 2, G1 to S and G2 to M|cell division protein kinase 1|p34 protein kinase",10q21.2,10,NC_000010.11,60778331,60794852,plus,9,116940
9606,Homo sapiens,1052,0,live,CEBPD,"C/EBP-delta, CELF, CRP3, NF-IL6-beta",CCAAT enhancer binding protein delta,"CCAAT/enhancer-binding protein delta|CCAAT/enhancer binding protein (C/EBP), delta|c/EBP delta|nuclear factor NF-IL6-beta",8q11.21,8,NC_000008.11,47736913,47738164,minus,1,116898
9606,Homo sapiens,100529261,0,live,CHURC1-FNTB,"FNTB, FTase-beta",CHURC1-FNTB readthrough,CHURC1-FNTB protein|CAAX farnesyltransferase subunit beta|Protein farnesyltransferase subunit beta|Ras proteins prenyltransferase subunit beta,14q23.3,14,NC_000014.9,64914361,65062655,plus,14,
9606,Homo sapiens,10370,0,live,CITED2,"ASD8, MRG-1, MRG1, P35SRJ, VSD2",Cbp/p300 interacting transactivator with Glu/Asp rich carboxy-terminal domain 2,cbp/p300-interacting transactivator 2|MSG-related protein 1|MSG1-related gene 1|melanocyte-specific gene 1-related gene 1,6q24.1,6,NC_000006.12,139371807,139374648,minus,4,602937
9606,Homo sapiens,1183,0,live,CLCN4,"CLC4, ClC-4, ClC-4A, MRX15, MRX49, MRXSRC",chloride voltage-gated channel 4,"H(+)/Cl(-) exchange transporter 4|chloride channel 4|chloride channel protein 4|chloride channel, voltage-sensitive 4|chloride transporter ClC-4",Xp22.2,X,NC_000023.11,10156975,10237660,plus,13,302910
9606,Homo sapiens,1191,0,live,CLU,"AAG4, APO-J, APOJ, CLI1, CLU2, KUB1, NA1/NA2, SGP-2, SGP2, SP-40, TRPM-2, TRPM2, CLU",clusterin,"clusterin|aging-associated protein 4|apolipoprotein J|complement cytolysis inhibitor|complement lysis inhibitor|complement-associated protein SP-40,40|epididymis secretory sperm binding protein|ku70-binding protein 1|sulfated glycoprotein 2|testosterone-repressed prostate message 2",8p21.1,8,NC_000008.11,27596917,27614700,minus,11,185430
9606,Homo sapiens,26507,0,live,CNNM1,"ACDP1, CLP-1",cyclin and CBS domain divalent metal cation transport mediator 1,metal transporter CNNM1|ancient conserved domain-containing protein 1|cyclin-M1,10q24.2,10,NC_000010.11,99329101,99394330,plus,12,607802
9606,Homo sapiens,388753,0,live,COA6,"C1orf31, CEMCOX4",cytochrome c oxidase assembly factor 6,cytochrome c oxidase assembly factor 6 homolog,1q42.2,1,NC_000001.11,234373456,234385080,plus,4,614772
9606,Homo sapiens,150684,0,live,COMMD1,"C2orf5, MURR1",copper metabolism domain containing 1,COMM domain-containing protein 1|copper metabolism (Murr1) domain containing 1|copper metabolism gene MURR1|protein Murr1,2p15,2,NC_000002.12,61888391,62141186,plus,8,607238
9606,Homo sapiens,54939,0,live,COMMD4,,COMM domain containing 4,COMM domain-containing protein 4,15q24.2,15,NC_000015.10,75336035,75343227,plus,10,616701
9606,Homo sapiens,170622,0,live,COMMD6,Acrg,COMM domain containing 6,COMM domain-containing protein 6|Acrg embryonic lethality minimal region ortholog,13q22.2,13,NC_000013.11,75525214,75549439,minus,6,612377
9606,Homo sapiens,29099,0,live,COMMD9,"C11orf55, HSPC166, LINC00610",COMM domain containing 9,COMM domain-containing protein 9,11p13,11,NC_000011.10,36272292,36289428,minus,7,612299
9606,Homo sapiens,1353,0,live,COX11,COX11P,cytochrome c oxidase copper chaperone COX11,"cytochrome c oxidase assembly protein COX11, mitochondrial|COX11 homolog, cytochrome c oxidase assembly protein|COX11, cytochrome c oxidase copper chaperone|cytochrome c oxidase subunit 11",17q22,17,NC_000017.11,54951898,54968785,minus,6,603648
9606,Homo sapiens,51241,0,live,COX16,"C14orf112, HSPC203, hCOX16",cytochrome c oxidase assembly factor COX16,"cytochrome c oxidase assembly protein COX16 homolog, mitochondrial|COX16, cytochrome c oxidase assembly homolog",14q24.2,14,NC_000014.9,70325081,70359683,minus,4,618064
9606,Homo sapiens,10063,0,live,COX17,,cytochrome c oxidase copper chaperone COX17,"cytochrome c oxidase copper chaperone|COX17 cytochrome c oxidase assembly homolog|COX17, cytochrome c oxidase copper chaperone|cytochrome c oxidase 17 copper chaperone|cytochrome c oxidase assembly homolog 17|human homolog of yeast mitochondrial copper recruitment",3q13.33,3,NC_000003.12,119663975,119677406,minus,8,604813
9606,Homo sapiens,285521,0,live,COX18,COX18HS,cytochrome c oxidase assembly factor COX18,"cytochrome c oxidase assembly protein COX18, mitochondrial|COX18, cytochrome c oxidase assembly factor|cytochrome c oxidase assembly homolog 18|cytochrome c oxidase assembly protein 18|mitochondrial inner membrane protein COX18",4q13.3,4,NC_000004.12,73052362,73069777,minus,6,610428
9606,Homo sapiens,90639,0,live,COX19,,cytochrome c oxidase assembly factor COX19,"cytochrome c oxidase assembly protein COX19|COX19 cytochrome c oxidase assembly homolog|COX19, cytochrome c oxidase assembly factor|cytochrome c oxidase assembly homolog 19|hCOX19",7p22.3,7,NC_000007.14,964852,975549,minus,3,610429
9606,Homo sapiens,9377,0,live,COX5A,"COX, COX-VA, VA",cytochrome c oxidase subunit 5A,"cytochrome c oxidase subunit 5A, mitochondrial|cytochrome c oxidase polypeptide Va|cytochrome c oxidase polypeptide, mitochondrial|cytochrome c oxidase subunit Va|mitochondrial cytochrome c oxidase subunit Va",15q24.2,15,NC_000015.10,74919791,74938073,minus,5,603773
9606,Homo sapiens,1350,0,live,COX7C,,cytochrome c oxidase subunit 7C,"cytochrome c oxidase subunit 7C, mitochondrial|cytochrome c oxidase polypeptide VIIc|cytochrome c oxidase subunit VIIc|cytochrome-c oxidase chain VIIc",5q14.3,5,NC_000005.10,86617941,86620962,plus,3,603774
9606,Homo sapiens,1356,0,live,CP,CP-2,ceruloplasmin,ceruloplasmin|ceruloplasmin (ferroxidase),3q24-q25.1,3,NC_000003.12,149162410,149222008,minus,22,117700
9606,Homo sapiens,1400,0,live,CRMP1,"CRMP-1, DPYSL1, DRP-1, DRP1, ULIP-3",collapsin response mediator protein 1,dihydropyrimidinase-related protein 1|dihydropyrimidinase-like 1|inactive dihydropyrimidinase|unc-33-like phosphoprotein 3,4p16.2,4,NC_000004.12,5820764,5893086,minus,17,602462
9606,Homo sapiens,1401,0,live,CRP,PTX1,C-reactive protein,"C-reactive protein|C-reactive protein, pentraxin-related|pentraxin 1",1q23.2,1,NC_000001.11,159712289,159714589,minus,3,123260
9606,Homo sapiens,1409,0,live,CRYAA,"CRYA1, CTRCT9, HSPB4",crystallin alpha A,"alpha-crystallin A chain|crystallin, alpha-1|heat shock protein beta-4|human alphaA-crystallin (CRYA1)",21q22.3,21,NC_000021.9,43169008,43172810,plus,4,123580
9606,Homo sapiens,1410,0,live,CRYAB,"CMD1II, CRYA2, CTPP2, CTRCT16, HEL-S-101, HSPB5, MFM2",crystallin alpha B,alpha-crystallin B chain|epididymis secretory protein Li 101|heat shock protein beta-5|heat-shock 20 kD like-protein|renal carcinoma antigen NY-REN-27|rosenthal fiber component,11q23.1,11,NC_000011.10,111908564,111923740,minus,6,123590
9606,Homo sapiens,1476,0,live,CSTB,"CPI-B, CST6, EPM1, EPM1A, PME, STFB, ULD",cystatin B,cystatin-B|cystatin B (stefin B)|epididymis secretory sperm binding protein|liver thiol proteinase inhibitor,21q22.3,21,NC_000021.9,43773950,43776308,minus,3,601145
9606,Homo sapiens,51596,0,live,CUTA,"ACHAP, C6orf82",cutA divalent cation tolerance homolog,protein CutA|acetylcholinesterase-associated protein|brain acetylcholinesterase putative membrane anchor|divalent cation tolerant protein CUTA,6p21.32,6,NC_000006.12,33416442,33418107,minus,6,616953
9606,Homo sapiens,51076,0,live,CUTC,CGI-32,cutC copper transporter,copper homeostasis protein cutC homolog|cutC copper transporter homolog,10q24.2,10,NC_000010.11,99732234,99756134,plus,9,610101
9606,Homo sapiens,3576,0,live,CXCL8,"GCP-1, GCP1, IL8, LECT, LUCT, LYNAP, MDNCF, MONAP, NAF, NAP-1, NAP1, SCYB8",C-X-C motif chemokine ligand 8,"interleukin-8|T-cell chemotactic factor|alveolar macrophage chemotactic factor I|beta endothelial cell-derived neutrophil activating peptide|beta-thromboglobulin-like protein|chemokine (C-X-C motif) ligand 8|emoctakin|granulocyte chemotactic protein 1|interleukin 8|lung giant cell carcinoma-derived chemotactic protein|lymphocyte derived neutrophil activating peptide|monocyte-derived neutrophil chemotactic factor|monocyte-derived neutrophil-activating peptide|neutrophil-activating peptide 1|small inducible cytokine subfamily B, member 8|tumor necrosis factor-induced gene 1",4q13.3,4,NC_000004.12,73740569,73743716,plus,3,146930
9606,Homo sapiens,1543,0,live,CYP1A1,"AHH, AHRR, CP11, CYP1, CYPIA1, P1-450, P450-C, P450DX",cytochrome P450 family 1 subfamily A member 1,"cytochrome P450 1A1|aryl hydrocarbon hydroxylase|cytochrome P1-450, dioxin-inducible|cytochrome P450 form 6|cytochrome P450, family 1, subfamily A, polypeptide 1|cytochrome P450, subfamily I (aromatic compound-inducible), polypeptide 1|cytochrome P450-C|cytochrome P450-P1|flavoprotein-linked monooxygenase|hydroperoxy icosatetraenoate dehydratase|xenobiotic monooxygenase",15q24.1,15,NC_000015.10,74719542,74725528,minus,7,108330
9606,Homo sapiens,1544,0,live,CYP1A2,"CP12, CYPIA2, P3-450, P450(PA)",cytochrome P450 family 1 subfamily A member 2,"cytochrome P450 1A2|P450 form 4|aryl hydrocarbon hydroxylase|cholesterol 25-hydroxylase|cytochrome P(3)450|cytochrome P450 4|cytochrome P450, family 1, subfamily A, polypeptide 2|cytochrome P450, subfamily I (aromatic compound-inducible), polypeptide 2|cytochrome P450-P3|dioxin-inducible P3-450|flavoprotein-linked monooxygenase|hydroperoxy icosatetraenoate dehydratase|microsomal monooxygenase|xenobiotic monooxygenase",15q24.1,15,NC_000015.10,74748845,74756607,plus,7,124060
9606,Homo sapiens,1565,0,live,CYP2D6,"CPD6, CYP2D, CYP2D7AP, CYP2D7BP, CYP2D7P2, CYP2D8P2, CYP2DL1, CYPIID6, P450-DB1, P450C2D, P450DB1",cytochrome P450 family 2 subfamily D member 6,"cytochrome P450 2D6|cholesterol 25-hydroxylase|cytochrome P450, family 2, subfamily D, polypeptide 6|cytochrome P450, family 2, subfamily D, polypeptide 7 pseudogene 2|cytochrome P450, family 2, subfamily D, polypeptide 8 pseudogene 2|cytochrome P450, subfamily II (debrisoquine, sparteine, etc., -metabolising), polypeptide 7 pseudogene 2|cytochrome P450, subfamily IID (debrisoquine, sparteine, etc., -metabolising), polypeptide 8 pseudogene 2|cytochrome P450, subfamily IID (debrisoquine, sparteine, etc., -metabolizing), polypeptide 6|cytochrome P450, subfamily IID (debrisoquine, sparteine, etc., -metabolizing)-like 1|cytochrome P450-DB1|debrisoquine 4-hydroxylase|flavoprotein-linked monooxygenase|microsomal monooxygenase|nonfunctional cytochrome P450 2D6|xenobiotic monooxygenase",22q13.2,22,NC_000022.11,42126499,42130810,minus,9,124030
9606,Homo sapiens,54987,0,live,CZIB,C1orf123,CXXC motif containing zinc binding protein,CXXC motif containing zinc binding protein|UPF0587 protein C1orf123,1p32.3,1,NC_000001.11,53214099,53220634,minus,8,
9606,Homo sapiens,1616,0,live,DAXX,"BING2, DAP6, EAP1, SMIM40",death domain associated protein,death domain-associated protein 6|CENP-C binding protein|ETS1-associated protein 1|Fas-binding protein|death-associated protein 6|fas death domain-associated protein,6p21.32,6,NC_000006.12,33318558,33322959,minus,8,603186
9606,Homo sapiens,1621,0,live,DBH,"DBM, ORTHYP1",dopamine beta-hydroxylase,dopamine beta-hydroxylase|dopamine beta-hydroxylase (dopamine beta-monooxygenase),9q34.2,9,NC_000009.12,133636363,133659329,plus,12,609312
9606,Homo sapiens,1638,0,live,DCT,"TRP-2, TYRP2",dopachrome tautomerase,"L-dopachrome tautomerase|DT|L-dopachrome Delta-isomerase|L-dopachrome isomerase|TRP2|dopachrome delta-isomerase|dopachrome tautomerase (dopachrome delta-isomerase, tyrosine-related protein 2)|tyrosinase related protein-2|tyrosine-related protein 2",13q32.1,13,NC_000013.11,94436811,94549406,minus,14,191275
9606,Homo sapiens,51164,0,live,DCTN4,"DYN4, P62",dynactin subunit 4,dynactin subunit 4|dynactin 4 (p62)|dynactin p62 subunit|dynactin subunit p62,5q33.1,5,NC_000005.10,150708440,150759095,minus,19,614758
9606,Homo sapiens,1677,0,live,DFFB,"CAD, CPAN, DFF-40, DFF2, DFF40",DNA fragmentation factor subunit beta,"DNA fragmentation factor subunit beta|DNA fragmentation factor 40 kDa subunit|DNA fragmentation factor, 40kDa, beta polypeptide (caspase-activated DNase)|caspase-activated DNase|caspase-activated deoxyribonuclease|caspase-activated nuclease",1p36.32,1,NC_000001.11,3857286,3885429,plus,11,601883
9606,Homo sapiens,25979,0,live,DHRS7B,"CGI-93, SDR32C1",dehydrogenase/reductase 7B,dehydrogenase/reductase SDR family member 7B|dehydrogenase/reductase (SDR family) member 7B|short-chain dehydrogenase/reductase family 32C member 1,17p11.2,17,NC_000017.11,21123368,21192030,plus,10,616160
9606,Homo sapiens,29958,0,live,DMGDH,"DMGDHD, ME2GLYDH",dimethylglycine dehydrogenase,"dimethylglycine dehydrogenase, mitochondrial",5q14.1,5,NC_000005.10,78997564,79069674,minus,18,605849
9606,Homo sapiens,10085,0,live,EDIL3,DEL1,EGF like repeats and discoidin domains 3,EGF-like repeat and discoidin I-like domain-containing protein 3|EGF-like repeats and discoidin I-like domains 3|developmental endothelial locus-1|developmentally-regulated endothelial cell locus 1 protein|integrin-binding protein DEL1,5q14.3,5,NC_000005.10,83940554,84384880,minus,11,606018
9606,Homo sapiens,55068,0,live,ENOX1,"CNOX, PIG38, bA64J21.1, cCNOX",ecto-NOX disulfide-thiol exchanger 1,ecto-NOX disulfide-thiol exchanger 1|candidate growth-related and time keeping constitutive hydroquinone (NADH) oxidase|candidate growth-related and time keeping constitutive hydroquinone [NADH] oxidase|cell proliferation-inducing gene 38 protein|constitutive Ecto-NOX|ecto-NADPH oxidase disulfide-thiol exchanger 1,13q14.11,13,NC_000013.11,43213130,43786976,minus,28,610914
9606,Homo sapiens,2034,0,live,EPAS1,"ECYT4, HIF2A, HLF, MOP2, PASD2, bHLHe73",endothelial PAS domain protein 1,endothelial PAS domain-containing protein 1|EPAS-1|HIF-1-alpha-like factor|HIF-1alpha-like factor|HIF-2-alpha|HIF2-alpha|PAS domain-containing protein 2|basic-helix-loop-helix-PAS protein MOP2|class E basic helix-loop-helix protein 73|hypoxia-inducible factor 2 alpha|member of PAS protein 2,2p21,2,NC_000002.12,46297407,46386697,plus,17,603349
9606,Homo sapiens,285220,0,live,EPHA6,"EHK-2, EHK2, EK12, EPA6, HEK12, PRO57066",EPH receptor A6,ephrin type-A receptor 6|EPH homology kinase 2|EPH-like kinase 12|ephrin receptor EphA6,3q11.2,3,NC_000003.12,96814581,97761532,plus,35,600066
9606,Homo sapiens,346007,0,live,EYS,"C6orf178, C6orf179, C6orf180, EGFL10, EGFL11, RP25, SPAM, bA166P24.2, bA307F22.3, bA74E24.1, dJ1018A4.2, dJ22I17.2, dJ303F19.1",eyes shut homolog,"protein eyes shut homolog|EGF-like-domain, multiple 10|EGF-like-domain, multiple 11|epidermal growth factor-like protein 10|epidermal growth factor-like protein 11|protein spacemaker homolog",6q12,6,NC_000006.12,63719980,65707226,minus,46,612424
9606,Homo sapiens,2153,0,live,F5,"FVL, PCCF, RPRGL1, THPH2",coagulation factor V,"coagulation factor V|activated protein c cofactor|coagulation factor V (proaccelerin, labile factor)|coagulation factor V jinjiang A2 domain|factor V Leiden",1q24.2,1,NC_000001.11,169511951,169586630,minus,25,612309
9606,Homo sapiens,2157,0,live,F8,"AHF, DXS1253EB, F8C, FVIII, HEMA, F8",coagulation factor VIII,"coagulation factor VIII|antihemophilic factor|coagulation factor VIII A1 domain|coagulation factor VIII C2 domain|coagulation factor VIII, procoagulant component|coagulation factor VIIIc|factor VIII F8B",Xq28,X,NC_000023.11,154835792,155022723,minus,27,300841
9606,Homo sapiens,2246,0,live,FGF1,"AFGF, ECGF, ECGF-beta, ECGFA, ECGFB, FGF-1, FGF-alpha, FGFA, GLIO703, HBGF-1, HBGF1",fibroblast growth factor 1,"fibroblast growth factor 1|beta-endothelial cell growth factor|endothelial cell growth factor, alpha|endothelial cell growth factor, beta|fibroblast growth factor 1 (acidic)|heparin-binding growth factor 1",5q31.3,5,NC_000005.10,142592178,142698070,minus,11,131220
9606,Homo sapiens,2288,0,live,FKBP4,"FKBP51, FKBP52, FKBP59, HBI, Hsp56, PPIase, p52",FKBP prolyl isomerase 4,"peptidyl-prolyl cis-trans isomerase FKBP4|FK506 binding protein 4, 59kDa|HSP binding immunophilin|T-cell FK506-binding protein, 59kD|peptidylprolyl cis-trans isomerase|rotamase",12p13.33,12,NC_000012.12,2794970,2805423,plus,11,600611
9606,Homo sapiens,10211,0,live,FLOT1,,flotillin 1,flotillin-1|integral membrane component of caveolae,6p21.33,6,NC_000006.12,30727709,30742847,minus,14,606998
9606,Homo sapiens,2319,0,live,FLOT2,"ECS-1, ECS1, ESA, ESA1, M17S1",flotillin 2,"flotillin-2|Flotillin 2 (epidermal surface antigen 1)|epidermal surface antigen|membrane component chromosome 17 surface marker 1|membrane component, chromosome 17, surface marker 1 (35kD protein identified by monoclonal antibody ECS-1)",17q11.2,17,NC_000017.11,28879339,28897733,minus,13,131560
9606,Homo sapiens,23768,0,live,FLRT2,,fibronectin leucine rich transmembrane protein 2,leucine-rich repeat transmembrane protein FLRT2|fibronectin-like domain-containing leucine-rich transmembrane protein 2,14q31.3,14,NC_000014.9,85527372,85654428,plus,12,604807
9606,Homo sapiens,2342,0,live,FNTB,FPTB,"farnesyltransferase, CAAX box, beta",protein farnesyltransferase subunit beta|CAAX farnesyltransferase subunit beta|FTase-beta|epididymis secretory sperm binding protein|ras proteins prenyltransferase subunit beta,14q23.3,14,NC_000014.9,64986895,65062650,plus,12,134636
9606,Homo sapiens,114805,0,live,GALNT13,GalNAc-T13,polypeptide N-acetylgalactosaminyltransferase 13,polypeptide N-acetylgalactosaminyltransferase 13|GalNAc transferase 13|UDP-GalNAc:polypeptide N-acetylgalactosaminyltransferase 13|UDP-N-acetyl-alpha-D-galactosamine:polypeptide N-acetylgalactosaminyltransferase 13 (GalNAc-T13)|polypeptide GalNAc transferase 13|polypeptide N-acetylgalactosaminyltransferase 13 variant delta39bpEx9|polypeptide N-acetylgalactosaminyltransferase 13 variant deltaEx2-7|polypeptide N-acetylgalactosaminyltransferase 13 variant deltaEx6 delta39bpEx9|polypeptide N-acetylgalactosaminyltransferase 13 variant deltaEx6 deltaEx8 delta39bpEx9|polypeptide N-acetylgalactosaminyltransferase 13 variant deltaEx8|polypeptide N-acetylgalactosaminyltransferase 13 variant deltaEx9|pp-GaNTase 13|protein-UDP acetylgalactosaminyltransferase 13,2q23.3-q24.1,2,NC_000002.12,153871922,154454177,plus,18,608369
9606,Homo sapiens,2745,0,live,GLRX,"GRX, GRX1",glutaredoxin,glutaredoxin-1|TTase-1|thioltransferase|thioltransferase-1,5q15,5,NC_000005.10,95813849,95822726,minus,3,600443
9606,Homo sapiens,51280,0,live,GOLM1,"C9orf155, GOLPH2, GP73, HEL46, PSEC0257, bA379P1.3",golgi membrane protein 1,"Golgi membrane protein 1|epididymis luminal protein 46|golgi membrane protein GP73|golgi phosphoprotein 2|golgi protein, 73-kD",9q21.33,9,NC_000009.12,86026146,86100149,minus,11,606804
9606,Homo sapiens,2817,0,live,GPC1,glypican,glypican 1,glypican-1|epididymis secretory sperm binding protein|glypican proteoglycan 1,2q37.3,2,NC_000002.12,240435663,240468076,plus,10,600395
9606,Homo sapiens,373156,0,live,GSTK1,"GST, GST 13-13, GST13, GST13-13-1, hGSTK1, GSTK1",glutathione S-transferase kappa 1,glutathione S-transferase kappa 1|GST class-kappa|glutathione S-transferase k1|glutathione S-transferase subunit 13 homolog,7q34,7,NC_000007.14,143263441,143269115,plus,8,602321
9606,Homo sapiens,2950,0,live,GSTP1,"DFN7, FAEES3, GST3, GSTP, HEL-S-22, PI",glutathione S-transferase pi 1,"glutathione S-transferase P|GST class-pi|GSTP1-1|deafness, X-linked 7|epididymis secretory protein Li 22|fatty acid ethyl ester synthase III",11q13.2,11,NC_000011.10,67583812,67586653,plus,7,134660
9606,Homo sapiens,57817,0,live,HAMP,"HEPC, HFE2B, LEAP1, PLTR",hepcidin antimicrobial peptide,hepcidin|hepcidin preproprotein|liver-expressed antimicrobial peptide 1|putative liver tumor regressor,19q13.12,19,NC_000019.10,35282528,35285143,plus,3,606464
9606,Homo sapiens,9843,0,live,HEPH,CPL,hephaestin,hephaestin,Xq12,X,NC_000023.11,66162526,66268863,plus,28,300167
9606,Homo sapiens,341208,0,live,HEPHL1,"HJDD, ZP",hephaestin like 1,ferroxidase HEPHL1|hephaestin-like protein 1,11q21,11,NC_000011.10,94021354,94114208,plus,20,618455
9606,Homo sapiens,3082,0,live,HGF,"DFNB39, F-TCFB, HPTA, SF, HGF",hepatocyte growth factor,hepatocyte growth factor|fibroblast-derived tumor cytotoxic factor|hepatocyte growth factor (hepapoietin A; scatter factor)|hepatopoietin-A|lung fibroblast-derived mitogen,7q21.11,7,NC_000007.14,81699006,81770438,minus,20,142409
9606,Homo sapiens,3091,0,live,HIF1A,"HIF-1-alpha, HIF-1A, HIF-1alpha, HIF1, HIF1-ALPHA, MOP1, PASD8, bHLHe78",hypoxia inducible factor 1 subunit alpha,"hypoxia-inducible factor 1-alpha|ARNT interacting protein|PAS domain-containing protein 8|basic-helix-loop-helix-PAS protein MOP1|class E basic helix-loop-helix protein 78|hypoxia inducible factor 1 alpha subunit|hypoxia inducible factor 1, alpha subunit (basic helix-loop-helix transcription factor)|hypoxia-inducible factor1alpha|member of PAS protein 1|member of PAS superfamily 1",14q23.2,14,NC_000014.9,61695513,61748259,plus,16,603348
9606,Homo sapiens,3094,0,live,HINT1,"HINT, NMAN, PKCI-1, PRKCNH1",histidine triad nucleotide binding protein 1,histidine triad nucleotide-binding protein 1|adenosine 5'-monophosphoramidase|epididymis secretory sperm binding protein|protein kinase C inhibitor 1|protein kinase C-interacting protein 1,5q23.3,5,NC_000005.10,131159027,131165256,minus,5,601314
9606,Homo sapiens,3172,0,live,HNF4A,"FRTS4, HNF4, HNF4a7, HNF4a8, HNF4a9, HNF4alpha, MODY, MODY1, NR2A1, NR2A21, TCF, TCF14",hepatocyte nuclear factor 4 alpha,hepatocyte nuclear factor 4-alpha|HNF4alpha10/11/12|TCF-14|hepatic nuclear factor 4 alpha|nuclear receptor subfamily 2 group A member 1|transcription factor 14|transcription factor HNF-4,20q13.12,20,NC_000020.11,44355699,44434596,plus,13,600281
9606,Homo sapiens,3206,0,live,HOXA10,"HOX1, HOX1.8, HOX1H, PL",homeobox A10,homeobox protein Hox-A10|homeo box A10|homeobox protein 1H|homeobox protein HOXA10|homeobox protein Hox-1.8|homeobox protein Hox-1H,7p15.2,7,NC_000007.14,27170605,27179861,minus,3,142957
9606,Homo sapiens,3297,0,live,HSF1,HSTF1,heat shock transcription factor 1,heat shock factor protein 1,8q24.3,8,NC_000008.11,144291603,144314720,plus,14,140580
9606,Homo sapiens,3347,0,live,HTN3,"HIS2, HTN2, HTN5, PB",histatin 3,histatin-3|basic histidine-rich protein|histatin-4|histatin-5|histatin-6|histatin-7|histatin-8|histatin-9|histidine-rich protein 3,4q13.3,4,NC_000004.12,70028459,70036538,plus,6,142702
9606,Homo sapiens,3064,0,live,HTT,"HD, IT15, LOMARS",huntingtin,huntingtin|huntington disease protein,4p16.3,4,NC_000004.12,3074681,3243960,plus,67,613004
9606,Homo sapiens,3375,0,live,IAPP,"DAP, IAP",islet amyloid polypeptide,islet amyloid polypeptide|Islet amyloid polypeptide (diabetes-associated peptide; amylin)|amylin|diabetes-associated peptide|insulinoma amyloid peptide,12p12.1,12,NC_000012.12,21354959,21379980,plus,4,147940
9606,Homo sapiens,3383,0,live,ICAM1,"BB2, CD54, P3.58",intercellular adhesion molecule 1,"intercellular adhesion molecule 1|ICAM-1|cell surface glycoprotein P3.58|epididymis secretory sperm binding protein|intercellular adhesion molecule 1 (CD54), human rhinovirus receptor|major group rhinovirus receptor",19p13.2,19,NC_000019.10,10271120,10286615,plus,7,147840
9606,Homo sapiens,3481,0,live,IGF2,"C11orf43, GRDF, IGF-II, PP9974, SRS3",insulin like growth factor 2,insulin-like growth factor II|T3M-11-derived growth factor|insulin-like growth factor 2 (somatomedin A)|insulin-like growth factor type 2|preptin,11p15.5,11,NC_000011.10,2129112,2149603,minus,9,147470
9606,Homo sapiens,3552,0,live,IL1A,"IL-1 alpha, IL-1A, IL1, IL1-ALPHA, IL1F1",interleukin 1 alpha,interleukin-1 alpha|hematopoietin-1|preinterleukin 1 alpha|pro-interleukin-1-alpha,2q14.1,2,NC_000002.12,112773925,112784493,minus,8,147760
9606,Homo sapiens,3783,0,live,KCNN4,"DHS2, IK, IK1, IKCA1, KCA4, KCa3.1, SK4, hIKCa1, hKCa4, hSK4",potassium calcium-activated channel subfamily N member 4,"intermediate conductance calcium-activated potassium channel protein 4|SKCa 4|SKCa4|potassium channel, calcium activated intermediate/small conductance subfamily N alpha, member 4|potassium intermediate/small conductance calcium-activated channel, subfamily N, member 4|putative Gardos channel|putative erythrocyte intermediate conductance calcium-activated potassium Gardos channel|small conductance calcium-activated potassium channel 4",19q13.31,19,NC_000019.10,43766533,43782139,minus,10,602754
9606,Homo sapiens,169522,0,live,KCNV2,"KV11.1, Kv8.2, RCD3B",potassium voltage-gated channel modifier subfamily V member 2,"potassium voltage-gated channel subfamily V member 2|potassium channel, subfamily V, member 2|potassium channel, voltage gated modifier subfamily V, member 2|voltage-gated potassium channel subunit Kv8.2",9p24.2,9,NC_000009.12,2717510,2730037,plus,2,607604
9606,Homo sapiens,11279,0,live,KLF8,"BKLF3, ZNF741",Kruppel like factor 8,Krueppel-like factor 8|basic krueppel-like factor 3|basic kruppel-like factor 3|zinc finger protein 741,Xp11.21,X,NC_000023.11,55908123,56291531,plus,7,300286
9606,Homo sapiens,3845,0,live,KRAS,"'C-K-RAS, C-K-RAS, CFC2, K-RAS2A, K-RAS2B, K-RAS4A, K-RAS4B, K-Ras, K-Ras 2, KI-RAS1, KRAS2, NS, NS3, OES, RALD, RASK2, c-Ki-ras, c-Ki-ras2, KRAS","KRAS proto-oncogene, GTPase",GTPase KRas|K-ras p21 protein|Kirsten rat sarcoma viral oncogene homolog|Kirsten rat sarcoma viral proto-oncogene|PR310 c-K-ras oncogene|c-Kirsten-ras protein|cellular c-Ki-ras2 proto-oncogene|cellular transforming proto-oncogene|oncogene KRAS2|transforming protein p21|v-Ki-ras2 Kirsten rat sarcoma 2 viral oncogene homolog,12p12.1,12,NC_000012.12,25205246,25250929,minus,6,190070
9606,Homo sapiens,11103,0,live,KRR1,"HRB2, RIP-1",KRR1 small subunit processome component homolog,"KRR1 small subunit processome component homolog|HIV-1 Rev-binding protein 2|HIV-1 rev binding protein 2|KRR-R motif-containing protein 1|KRR1, small subunit (SSU) processome component, homolog|Rev interacting protein|rev-interacting protein 1",12q21.2,12,NC_000012.12,75490863,75511609,minus,10,612817
9606,Homo sapiens,144811,0,live,LACC1,"C13orf31, FAMIN, JUVAR",laccase domain containing 1,purine nucleoside phosphorylase LACC1|S-methyl-5'-thioadenosine phosphorylase LACC1|adenosine deaminase LACC1|fatty acid metabolism-immunity nexus|guanosine phosphorylase LACC1|laccase (multicopper oxidoreductase) domain containing 1|laccase domain-containing protein 1,13q14.11,13,NC_000013.11,43879178,43893932,plus,10,613409
9606,Homo sapiens,3953,0,live,LEPR,"CD295, LEP-RD, OB-R, OBR, LEPR",leptin receptor,leptin receptor|OB receptor|huB219,1p31.3,1,NC_000001.11,65420652,65641559,plus,24,601007
9606,Homo sapiens,9388,0,live,LIPG,"EDL, EL, PRO719","lipase G, endothelial type","endothelial lipase|endothelial cell-derived lipase|lipase, endothelial|lipoprotein lipase H|phospholipase A1",18q21.1,18,NC_000018.10,49560699,49599185,plus,12,603684
9606,Homo sapiens,4000,0,live,LMNA,"CDCD1, CDDC, CMD1A, CMT2B1, EMD2, FPL, FPLD, FPLD2, HGPS, IDC, LDP1, LFP, LGMD1B, LMN1, LMNC, LMNL1, MADA, PRO1",lamin A/C,lamin|70 kDa lamin|epididymis secretory sperm binding protein|lamin A/C-like 1|mandibuloacral dysplasia type A|prelamin-A/C|renal carcinoma antigen NY-REN-32,1q22,1,NC_000001.11,156082573,156140081,plus,17,150330
9606,Homo sapiens,112268145,0,live,LOC112268145,,uncharacterized LOC112268145,uncharacterized protein LOC112268145,,15,NC_000015.10,72637078,72649543,plus,9,
9606,Homo sapiens,4015,0,live,LOX,AAT10,lysyl oxidase,protein-lysine 6-oxidase,5q23.1,5,NC_000005.10,122063195,122078259,minus,8,153455
9606,Homo sapiens,4016,0,live,LOXL1,"LOL, LOXL",lysyl oxidase like 1,lysyl oxidase homolog 1|lysyl oxidase-like protein 1,15q24.1,15,NC_000015.10,73926462,73952137,plus,9,153456
9606,Homo sapiens,4017,0,live,LOXL2,"LOR, LOR2, WS9-14",lysyl oxidase like 2,lysyl oxidase homolog 2|lysyl oxidase related 2|lysyl oxidase-like 2 delta e13|lysyl oxidase-like 2 protein|lysyl oxidase-like protein 2|lysyl oxidase-related protein 2|lysyl oxidase-related protein WS9-14,8p21.3,8,NC_000008.11,23296897,23404120,minus,14,606663
9606,Homo sapiens,84695,0,live,LOXL3,LOXL,lysyl oxidase like 3,lysyl oxidase homolog 3|lysyl oxidase-like protein 3,2p13.1,2,NC_000002.12,74532258,74555719,minus,16,607163
9606,Homo sapiens,84171,0,live,LOXL4,LOXC,lysyl oxidase like 4,lysyl oxidase homolog 4|lysyl oxidase related C|lysyl oxidase-like 4 pseudogene|lysyl oxidase-like protein 4|lysyl oxidase-related protein C,10q24.2,10,NC_000010.11,98247690,98268221,minus,17,607318
9606,Homo sapiens,4035,0,live,LRP1,"A2MR, APOER, APR, CD91, IGFBP-3R, IGFBP3R, IGFBP3R1, KPA, LRPA, TGFBR5, LRP1",LDL receptor related protein 1,prolow-density lipoprotein receptor-related protein 1|TbetaR-V/LRP-1/IGFBP-3 receptor|alpha-2-macroglobulin receptor|apolipoprotein E receptor|low density lipoprotein receptor-related protein 1|type V tgf-beta receptor,12q13.3,12,NC_000012.12,57128401,57213377,plus,90,107770
9606,Homo sapiens,57470,0,live,LRRC47,,leucine rich repeat containing 47,leucine-rich repeat-containing protein 47,1p36.32,1,NC_000001.11,3778559,3796498,minus,7,
9606,Homo sapiens,145748,0,live,LYSMD4,,LysM domain containing 4,"lysM and putative peptidoglycan-binding domain-containing protein 4|LysM, putative peptidoglycan-binding, domain containing 4",15q26.3,15,NC_000015.10,99714798,99733458,minus,7,
9606,Homo sapiens,84557,0,live,MAP1LC3A,"ATG8E, LC3, LC3A, MAP1ALC3, MAP1BLC3",microtubule associated protein 1 light chain 3 alpha,microtubule-associated proteins 1A/1B light chain 3A|MAP1 light chain 3-like protein 1|MAP1A/1B light chain 3 A|MAP1A/MAP1B LC3 A|MAP1A/MAP1B light chain 3 A|autophagy-related ubiquitin-like modifier LC3 A|microtubule-associated proteins 1A/1B light chain 3,20q11.22,20,NC_000020.11,34546823,34560345,plus,7,601242
9606,Homo sapiens,4137,0,live,MAPT,"DDPAC, FTDP-17L, MSTD, MTBT1, MTBT2, PPND, PPP1R103, TAU, MAPT",microtubule associated protein tau,"microtubule-associated protein tau|G protein beta1/gamma2 subunit-interacting factor 1|PHF-tau|neurofibrillary tangle protein|paired helical filament-tau|protein phosphatase 1, regulatory subunit 103",17q21.31,17,NC_000017.11,45894538,46028334,plus,16,157140
9606,Homo sapiens,4149,0,live,MAX,bHLHd4,MYC associated factor X,protein max|class D basic helix-loop-helix protein 4,14q23.3,14,NC_000014.9,65006101,65102695,minus,10,154950
9606,Homo sapiens,81857,0,live,MED25,"ACID1, ARC92, BVSYS, CMT2B2, P78, PTOV2, TCBAP0758",mediator complex subunit 25,"mediator of RNA polymerase II transcription subunit 25|ARC/mediator transcriptional coactivator subunit|activator interaction domain-containing protein 1|activator-recruited cofactor 92 kDa component|mediator of RNA polymerase II transcription, subunit 25 homolog|prostate-derived protein 78 kDa",19q13.33,19,NC_000019.10,49818289,49840384,plus,19,610197
9606,Homo sapiens,51072,0,live,MEMO1,"C2orf4, CGI-27, MEMO, NS5ATP7",mediator of cell motility 1,protein MEMO1|C21orf19-like protein|HCV NS5A-transactivated protein 7|hepatitis C virus NS5A-transactivated protein 7|mediator of ErbB2-driven cell motility 1,2p22.3,2,NC_000002.12,31867188,32011008,minus,15,611786
9606,Homo sapiens,4223,0,live,MEOX2,"GAX, MOX2",mesenchyme homeobox 2,homeobox protein MOX-2|growth arrest-specific homeobox,7p21.2,7,NC_000007.14,15611212,15686683,minus,3,600535
9606,Homo sapiens,9927,0,live,MFN2,"CMT2A, CMT2A2, CMT2A2A, CMT2A2B, CPRP1, HMSN6A, HSG, MARF",mitofusin 2,mitofusin-2|hyperplasia suppressor|mitochondrial assembly regulatory factor|transmembrane GTPase MFN2,1p36.22,1,NC_000001.11,11980215,12013508,plus,20,608507
9606,Homo sapiens,93380,0,live,MMGT1,"EMC5, TMEM32",membrane magnesium transporter 1,membrane magnesium transporter 1|ER membrane protein complex subunit 5|transmembrane protein 32,Xq26.3,X,NC_000023.11,135960588,135973988,minus,5,
9606,Homo sapiens,26002,0,live,MOXD1,"MOX, PRO5780, dJ248E1.1",monooxygenase DBH like 1,DBH-like monooxygenase protein 1|dopamine-oxygenase|monooxygenase X,6q23.2,6,NC_000006.12,132296055,132401520,minus,12,609000
9606,Homo sapiens,55686,0,live,MREG,"DSU, WDT2",melanoregulin,melanoregulin|dilute suppressor protein homolog|whn-dependent transcript 2,2q35,2,NC_000002.12,215939097,216034096,minus,12,609207
9606,Homo sapiens,4489,0,live,MT1A,"MT-1A, MT-IA, MT1, MT1S, MTC",metallothionein 1A,metallothionein-1A|metallothionein 1A (functional)|metallothionein 1S|metallothionein-IA,16q13,16,NC_000016.10,56638666,56640087,plus,3,156350
9606,Homo sapiens,4490,0,live,MT1B,"MT-1B, MT-IB, MT1, MT1Q, MTP",metallothionein 1B,metallothionein-1B|metallothionein 1B (functional)|metallothionein 1Q|metallothionein-IB,16q13,16,NC_000016.10,56651886,56653204,plus,3,156349
9606,Homo sapiens,4493,0,live,MT1E,"MT-1E, MT-IE, MT1, MTD",metallothionein 1E,metallothionein-1E|metallothionein 1E (functional)|metallothionein D|metallothionein-IE,16q13,16,NC_000016.10,56625781,56627112,plus,2,156351
9606,Homo sapiens,4494,0,live,MT1F,MT1,metallothionein 1F,metallothionein-1F|MT-1F|MT-IF|metallothionein 1F (functional)|metallothionein-IF,16q13,16,NC_000016.10,56657959,56659303,plus,3,156352
9606,Homo sapiens,4495,0,live,MT1G,"MT1, MT1K",metallothionein 1G,metallothionein-1G|MT-1G|MT-1K|MT-IG|metallothionein-1K|metallothionein-IG,16q13,16,NC_000016.10,56666730,56668065,minus,3,156353
9606,Homo sapiens,4496,0,live,MT1H,"MT-0, MT-1H, MT-IH, MT1",metallothionein 1H,metallothionein-1H|metallothionein-0|metallothionein-IH|testicular tissue protein Li 123,16q13,16,NC_000016.10,56669814,56671129,plus,3,156354
9606,Homo sapiens,645745,0,live,MT1HL1,MT1P2,metallothionein 1H like 1,metallothionein 1H-like protein 1|MT-1H-like protein,1q43,1,NC_000001.11,237004103,237004441,minus,1,
9606,Homo sapiens,4499,0,live,MT1M,"MT-1M, MT-IM, MT1, MT1K",metallothionein 1M,metallothionein-1M|metallothionein 1K|metallothionein 1Y,16q13,16,NC_000016.10,56632659,56633981,plus,3,156357
9606,Homo sapiens,4501,0,live,MT1X,"MT-1l, MT1",metallothionein 1X,metallothionein-1X|MT-1X|MT-IX|metallothionein-IX|testicular tissue protein Li 124,16q13,16,NC_000016.10,56682470,56684196,plus,3,156359
9606,Homo sapiens,4502,0,live,MT2A,"MT-2, MT-II, MT2",metallothionein 2A,metallothionein-2|metallothionein-II,16q13,16,NC_000016.10,56608584,56609497,plus,3,156360
9606,Homo sapiens,4504,0,live,MT3,"GIF, GIFB, GRIF, ZnMT3",metallothionein 3,metallothionein-3|growth inhibitory factor|metallothionein 3 (growth inhibitory factor (neurotrophic))|metallothionein-III,16q13,16,NC_000016.10,56589528,56591085,plus,3,139255
9606,Homo sapiens,84560,0,live,MT4,"MT-4, MT-IV, MTIV",metallothionein 4,metallothionein-4|metallothionein-IV,16q13,16,NC_000016.10,56565073,56568957,plus,3,606206
9606,Homo sapiens,4520,0,live,MTF1,"MTF-1, ZRF",metal regulatory transcription factor 1,metal regulatory transcription factor 1|MRE-binding transcription factor|MRE-binding transcription factor-1|metal-responsive transcription factor 1|transcription factor MTF-1|zinc regulatory factor,1p34.3,1,NC_000001.11,37809570,37859614,minus,14,600172
9606,Homo sapiens,550643,0,live,NBDY,"LINC01420, NoBody",negative regulator of P-body association,negative regulator of P-body association|P-body dissociating protein|long intergenic non-protein coding RNA 1420|non-annotated P-body dissociating polypeptide|protein NoBody,Xp11.21,X,NC_000023.11,56729242,56819179,plus,3,300992
9606,Homo sapiens,4779,0,live,NFE2L1,"LCR-F1, NRF1, TCF11","nuclear factor, erythroid 2 like 1","endoplasmic reticulum membrane sensor NFE2L1|NF-E2-related factor 1|NFE2-related factor 1|TCF-11|locus control region-factor 1|nuclear factor erythroid 2-related factor 1|nuclear factor, erythroid derived 2, like 1|protein NRF1, p120 form|transcription factor 11 (basic leucine zipper type)|transcription factor HBZ17|transcription factor LCR-F1",17q21.32,17,NC_000017.11,48048359,48061545,plus,7,163260
9606,Homo sapiens,4780,0,live,NFE2L2,"HEBP1, IMDDHH, NRF2, Nrf-2","nuclear factor, erythroid 2 like 2",nuclear factor erythroid 2-related factor 2|nuclear factor erythroid-derived 2-like 2,2q31.2,2,NC_000002.12,177230303,177265131,minus,6,600492
9606,Homo sapiens,4842,0,live,NOS1,"IHPS1, N-NOS, NC-NOS, NOS, bNOS, nNOS",nitric oxide synthase 1,"nitric oxide synthase, brain|NOS type I|constitutive NOS|neuronal NOS|nitric oxide synthase 1 (neuronal)|peptidyl-cysteine S-nitrosylase NOS1",12q24.22,12,NC_000012.12,117208142,117361626,minus,33,163731
9606,Homo sapiens,4864,0,live,NPC1,"NPC, POGZ, SLC65A1",NPC intracellular cholesterol transporter 1,NPC intracellular cholesterol transporter 1|Niemann-Pick C1 protein|truncated Niemann-Pick C1,18q11.2,18,NC_000018.10,23506184,23586506,minus,28,607623
9606,Homo sapiens,9971,0,live,NR1H4,"BAR, FXR, HRR-1, HRR1, PFIC5, RIP14",nuclear receptor subfamily 1 group H member 4,bile acid receptor|RXR-interacting protein 14|farnesoid X nuclear receptor|farnesoid X-activated receptor|farnesol receptor HRR-1|retinoid X receptor-interacting protein 14,12q23.1,12,NC_000012.12,100473866,100564414,plus,14,603826
9606,Homo sapiens,2494,0,live,NR5A2,"B1F, B1F2, CPF, FTF, FTZ-F1, FTZ-F1beta, LRH-1, LRH1, hB1F-2",nuclear receptor subfamily 5 group A member 2,"nuclear receptor subfamily 5 group A member 2|CYP7A promoter-binding factor|b1-binding factor, hepatocyte transcription factor which activates enhancer II of hepatitis B virus|fetoprotein-alpha 1 (AFP) transcription factor|hepatocytic transcription factor hB1F-3|liver nuclear receptor homolog-1 variant 2",1q32.1,1,NC_000001.11,200027710,200177415,plus,13,604453
9606,Homo sapiens,4976,0,live,OPA1,"BERHS, MGM1, MTDPS14, NPG, NTG, largeG",OPA1 mitochondrial dynamin like GTPase,"dynamin-like 120 kDa protein, mitochondrial|dynamin-like guanosine triphosphatase|mitochondrial dynamin-like GTPase|optic atrophy 1 (autosomal dominant)|optic atrophy protein 1",3q29,3,NC_000003.12,193593149,193697811,plus,32,605290
9606,Homo sapiens,127062,0,live,OR2M3,"OR1-54P, OR2M6, OST003, OR2M3",olfactory receptor family 2 subfamily M member 3,"olfactory receptor 2M3|novel 7 transmembrane receptor (rhodopsin family) protein|olfactory receptor 2M6|olfactory receptor OR1-54|olfactory receptor, family 2, subfamily M, member 3 pseudogene|olfactory receptor, family 2, subfamily M, member 6",1q44,1,NC_000001.11,248197265,248212925,plus,2,
9606,Homo sapiens,219493,0,live,OR5AR1,OR11-209,olfactory receptor family 5 subfamily AR member 1,olfactory receptor 5AR1|olfactory receptor OR11-209,11q12.1,11,NC_000011.10,56663686,56664618,plus,1,
9606,Homo sapiens,5025,0,live,P2RX4,"P2X4, P2X4R",purinergic receptor P2X 4,"P2X purinoceptor 4|ATP receptor|ATP-gated cation channel protein|P2X receptor, subunit 4|purinergic receptor P2X, ligand gated ion channel, 4|purinergic receptor P2X4|purinoceptor P2X4",12q24.31,12,NC_000012.12,121210096,121234106,plus,14,600846
9606,Homo sapiens,5066,0,live,PAM,"PAL, PHM",peptidylglycine alpha-amidating monooxygenase,peptidyl-glycine alpha-amidating monooxygenase|pancreatic peptidylglycine alpha-amidating monooxygenase|peptidyl alpha-amidating enzyme|peptidyl-alpha-hydroxyglycine alpha-amidating lyase|peptidylamidoglycolate lyase|peptidylglycine 2-hydroxylase|peptidylglycine alpha-hydroxylating monooxygenase,5q21.1,5,NC_000005.10,102754783,103031105,plus,29,170270
9606,Homo sapiens,11315,0,live,PARK7,"DJ-1, DJ1, GATD2, HEL-S-67p",Parkinsonism associated deglycase,"Parkinson disease protein 7|Parkinson disease (autosomal recessive, early onset) 7|epididymis secretory sperm binding protein Li 67p|maillard deglycase|oncogene DJ1|parkinson protein 7|protein DJ-1|protein deglycase DJ-1|protein/nucleic acid deglycase DJ-1",1p36.23,1,NC_000001.11,7961711,7985505,plus,8,602533
9606,Homo sapiens,22822,0,live,PHLDA1,"DT1P1B11, PHRIP, TDAG51",pleckstrin homology like domain family A member 1,pleckstrin homology-like domain family A member 1|PQ-rich protein|PQR protein|T-cell death-associated gene 51 protein|apoptosis-associated nuclear protein|proline- and glutamine-rich protein|proline- and histidine-rich protein|proline-histidine rich protein,12q21.2,12,NC_000012.12,76025447,76031776,minus,2,605335
9606,Homo sapiens,5289,0,live,PIK3C3,"VPS34, Vps34, hVps34",phosphatidylinositol 3-kinase catalytic subunit type 3,"phosphatidylinositol 3-kinase catalytic subunit type 3|PI3-kinase type 3|PI3K type 3|PtdIns-3-kinase type 3|phosphatidylinositol 3-kinase p100 subunit|phosphoinositide-3-kinase, class 3",18q12.3,18,NC_000018.10,41955226,42087830,plus,27,602609
9606,Homo sapiens,80339,0,live,PNPLA3,"ADPN, C22orf20, iPLA(2)epsilon",patatin like phospholipase domain containing 3,1-acylglycerol-3-phosphate O-acyltransferase PNPLA3|acylglycerol O-acyltransferase|acylglycerol transacylase|adiponutrin|calcium-independent phospholipase A2-epsilon|iPLA2-epsilon|iPLA2epsilon|lysophosphatidic acid acyltransferase|patatin-like phospholipase domain-containing protein 3,22q13.31,22,NC_000022.11,43923805,43947582,plus,9,609567
9606,Homo sapiens,23126,0,live,POGZ,"MRD37, WHSUS, ZNF280E, ZNF635, ZNF635m",pogo transposable element derived with ZNF domain,pogo transposable element with ZNF domain|putative protein product of Nbla00003|zinc finger protein 280E|zinc finger protein 635,1q21.3,1,NC_000001.11,151402724,151459494,minus,23,614787
9606,Homo sapiens,5444,0,live,PON1,"ESA, MVCD5, PON",paraoxonase 1,serum paraoxonase/arylesterase 1|A-esterase 1|K-45|PON 1|aromatic esterase 1|arylesterase 1|arylesterase B-type|esterase A|paraoxonase B-type|serum aryldiakylphosphatase|serum aryldialkylphosphatase 1,7q21.3,7,NC_000007.14,95297676,95324532,minus,9,168820
9606,Homo sapiens,60490,0,live,PPCDC,"MDS018, PPC-DC, coaC",phosphopantothenoylcysteine decarboxylase,phosphopantothenoylcysteine decarboxylase,15q24.2,15,NC_000015.10,75023544,75060180,plus,10,609854
9606,Homo sapiens,5587,0,live,PRKD1,"CHDED, PKC-MU, PKCM, PKD, PRKCM",protein kinase D1,"serine/threonine-protein kinase D1|nPKC-D1|nPKC-mu|protein kinase C mu type|protein kinase C, mu|protein kinase D",14q12,14,NC_000014.9,29576479,29927847,minus,23,605435
9606,Homo sapiens,5071,0,live,PRKN,"AR-JP, LPRS2, PARK2, PDJ",parkin RBR E3 ubiquitin protein ligase,"E3 ubiquitin-protein ligase parkin|Parkinson disease (autosomal recessive, juvenile) 2, parkin|parkinson juvenile disease protein 2|parkinson protein 2 E3 ubiquitin protein ligase|parkinson protein 2, E3 ubiquitin protein ligase (parkin)",6q26,6,NC_000006.12,161347417,162727802,minus,14,602544
9606,Homo sapiens,23627,0,live,PRND,"DOPPEL, DPL, PrPLP, dJ1068H6.4",prion like protein doppel,"prion-like protein doppel|downstream prion protein-like|prion gene complex, downstream|prion protein 2 (dublet)",20p13,20,NC_000020.11,4721909,4728460,plus,2,604263
9606,Homo sapiens,5621,0,live,PRNP,"ASCR, AltPrP, CD230, CJD, GSS, KURU, PRIP, PrP, PrP27-30, PrP33-35C, PrPc, p27-30",prion protein,major prion protein|alternative prion protein|CD230 antigen|prion-related protein,20p13,20,NC_000020.11,4686456,4701588,plus,2,176640
9606,Homo sapiens,55851,0,live,PSENEN,"ACNINV2, MDS033, MSTP064, PEN-2, PEN2","presenilin enhancer, gamma-secretase subunit",gamma-secretase subunit PEN-2|hematopoietic stem/progenitor cells protein MDS033|presenilin enhancer 2 homolog,19q13.12,19,NC_000019.10,35745651,35747519,plus,4,607632
9606,Homo sapiens,5692,0,live,PSMB4,"HN3, HsN3, PRAAS3, PROS-26, PROS26",proteasome 20S subunit beta 4,"proteasome subunit beta type-4|26 kDa prosomal protein|hsBPROS26|macropain beta chain|multicatalytic endopeptidase complex beta chain|proteasome (prosome, macropain) subunit, beta type, 4|proteasome beta chain|proteasome chain 3|proteasome subunit HsN3|proteasome subunit beta 4|proteasome subunit beta7|proteasome subunit, beta type, 4|testis tissue sperm-binding protein Li 79P",1q21.3,1,NC_000001.11,151399573,151401937,plus,7,602177
9606,Homo sapiens,9933,0,live,PUM3,"HA-8, HLA-HA8, KIAA0020, PEN, PUF-A, PUF6, XTP5",pumilio RNA binding family member 3,pumilio homolog 3|HBV X-transactivated gene 5 protein|HBV XAg-transactivated protein 5|minor histocompatibility antigen HA-8|penguin homolog|protein 5 transactivated by hepatitis B virus X antigen (HBxAg),9p24.2,9,NC_000009.12,2804152,2844095,minus,18,609960
9606,Homo sapiens,5868,0,live,RAB5A,RAB5,"RAB5A, member RAS oncogene family",ras-related protein Rab-5A|RAS-associated protein RAB5A,3p24.3,3,NC_000003.12,19947097,19985175,plus,6,179512
9606,Homo sapiens,7879,0,live,RAB7A,"CMT2B, PRO2706, RAB7","RAB7A, member RAS oncogene family","ras-related protein Rab-7a|RAB7, member RAS oncogene family|Ras-associated protein RAB7",3q21.3,3,NC_000003.12,128726183,128814798,plus,6,602298
9606,Homo sapiens,9367,0,live,RAB9A,RAB9,"RAB9A, member RAS oncogene family","ras-related protein Rab-9A|RAB9, member RAS oncogene family",Xp22.2,X,NC_000023.11,13689128,13710504,plus,3,300284
9606,Homo sapiens,5915,0,live,RARB,"HAP, MCOPS12, NR1B2, RARbeta1, RRB2",retinoic acid receptor beta,"retinoic acid receptor beta|HBV-activated protein|RAR-beta|RAR-epsilon|hepatitis B virus activated protein|nuclear receptor subfamily 1 group B member 2|retinoic acid receptor, beta polypeptide",3p24.2,3,NC_000003.12,24829321,25597932,plus,14,180220
9606,Homo sapiens,9616,0,live,RNF7,"CKBBP1, ROC2, SAG, rbx2",ring finger protein 7,"RING-box protein 2|CKII beta-binding protein 1|regulator of cullins 2|sensitive to apoptosis gene protein|sensitive to apoptosis, zinc RING finger protein SAG, regulator of cullins 2|zinc RING finger protein SAG",3q23,3,NC_000003.12,141738298,141747560,plus,4,603863
9606,Homo sapiens,56475,0,live,RPRM,REPRIMO,"reprimo, TP53 dependent G2 arrest mediator homolog","protein reprimo|candidate mediator of the p53 dependent G2 arrest|reprimo, TP53 dependant G2 arrest mediator candidate|reprimo, TP53 dependent G2 arrest mediator candidate",2q23.3,2,NC_000002.12,153477338,153478762,minus,1,612171
9606,Homo sapiens,6283,0,live,S100A12,"CAAF1, CAGC, CGRP, ENRAGE, MRP-6, MRP6, p6",S100 calcium binding protein A12,protein S100-A12|EN-RAGE|calcitermin|calcium-binding protein in amniotic fluid 1|calgranulin C|extracellular newly identified RAGE-binding protein|migration inhibitory factor-related protein 6|neutrophil S100 protein,1q21.3,1,NC_000001.11,153373711,153375621,minus,3,603112
9606,Homo sapiens,6284,0,live,S100A13,,S100 calcium binding protein A13,protein S100-A13,1q21.3,1,NC_000001.11,153618799,153634361,minus,10,601989
9606,Homo sapiens,6276,0,live,S100A5,S100D,S100 calcium binding protein A5,protein S100-A5,1q21.3,1,NC_000001.11,153537114,153543514,minus,6,176991
9606,Homo sapiens,192683,0,live,SCAMP5,,secretory carrier membrane protein 5,secretory carrier-associated membrane protein 5|hSCAMP5,15q24.2,15,NC_000015.10,74995562,75021495,plus,11,613766
9606,Homo sapiens,6341,0,live,SCO1,SCOD1,synthesis of cytochrome C oxidase 1,"protein SCO1 homolog, mitochondrial|SCO cytochrome c oxidase assembly protein 1|SCO cytochrome oxidase deficient homolog 1|SCO1, cytochrome c oxidase assembly protein",17p13.1,17,NC_000017.11,10672474,10697533,minus,6,603644
9606,Homo sapiens,9997,0,live,SCO2,"CEMCOX1, ECGF1, Gliostatin, MYP6, PD-ECGF, SCO1L, TP, TYMP, TdRPase",synthesis of cytochrome C oxidase 2,"protein SCO2 homolog, mitochondrial|Platelet-derived endothelial cell growth factor|SCO cytochrome c oxidase assembly protein 2|SCO cytochrome oxidase deficient homolog 2|SCO2, cytochrome c oxidase assembly protein|Thymidine phosphorylase",22q13.33,22,NC_000022.11,50523568,50526442,minus,4,604272
9606,Homo sapiens,8991,0,live,SELENBP1,"EHMTO, HEL-S-134P, LPSB, MTO, SBP56, SP56, hSBP",selenium binding protein 1,methanethiol oxidase|56 kDa selenium-binding protein|epididymis secretory sperm binding protein Li 134P,1q21.3,1,NC_000001.11,151364304,151372725,minus,13,604188
9606,Homo sapiens,989,0,live,SEPTIN7,"CDC10, CDC3, NBLA02942, SEPT7, SEPT7A",septin 7,"septin-7|CDC10 (cell division cycle 10, S. cerevisiae, homolog)|CDC10 protein homolog|septin 7 variant 4",7p14.2,7,NC_000007.14,35800986,35915763,plus,19,603151
9606,Homo sapiens,5054,0,live,SERPINE1,"PAI, PAI-1, PAI1, PLANH1",serpin family E member 1,"plasminogen activator inhibitor 1|endothelial plasminogen activator inhibitor|serine (or cysteine) proteinase inhibitor, clade E (nexin, plasminogen activator inhibitor type 1), member 1|serpin E1|serpin peptidase inhibitor, clade E (nexin, plasminogen activator inhibitor type 1), member 1",7q22.1,7,NC_000007.14,101127104,101139247,plus,9,173360
9606,Homo sapiens,4891,0,live,SLC11A2,"AHMIO1, DCT1, DMT1, NRAMP2",solute carrier family 11 member 2,"natural resistance-associated macrophage protein 2|DMT-1|NRAMP 2|divalent cation transporter 1|solute carrier family 11 (proton-coupled divalent metal ion transporter), member 2|solute carrier family 11 (proton-coupled divalent metal ion transporters), member 2",12q13.12,12,NC_000012.12,50952263,51028886,minus,25,600523
9606,Homo sapiens,5250,0,live,SLC25A3,"OK/SW-cl.48, PHC, PTP",solute carrier family 25 member 3,"phosphate carrier protein, mitochondrial|phosphate transport protein|solute carrier family 25 (mitochondrial carrier; phosphate carrier), member 3",12q23.1,12,NC_000012.12,98593686,98606367,plus,8,600370
9606,Homo sapiens,1317,0,live,SLC31A1,"COPT1, CTR1",solute carrier family 31 member 1,"high affinity copper uptake protein 1|copper transport 1 homolog|copper transporter 1|solute carrier family 31 (copper transporter), member 1|solute carrier family 31 (copper transporters), member 1",9q32,9,NC_000009.12,113221544,113264492,plus,5,603085
9606,Homo sapiens,1318,0,live,SLC31A2,"COPT2, CTR2, hCTR2",solute carrier family 31 member 2,"probable low affinity copper uptake protein 2|copper transporter 2|solute carrier family 31 (copper transporter), member 2|solute carrier family 31 (copper transporters), member 2",9q32,9,NC_000009.12,113150976,113164140,plus,5,603088
9606,Homo sapiens,9197,0,live,SLC33A1,"ACATN, AT-1, AT1, CCHLND, SPG42",solute carrier family 33 member 1,"acetyl-coenzyme A transporter 1|solute carrier family 33 (acetyl-CoA transporter), member 1",3q25.31,3,NC_000003.12,155821024,155855358,minus,5,603690
9606,Homo sapiens,55630,0,live,SLC39A4,"AEZ, AWMS2, ZIP4",solute carrier family 39 member 4,"zinc transporter ZIP4|solute carrier family 39 (zinc transporter), member 4|zrt- and Irt-like protein 4",8q24.3,8,NC_000008.11,144412414,144417146,minus,12,607059
9606,Homo sapiens,388588,0,live,SMIM1,Vel,small integral membrane protein 1 (Vel blood group),small integral membrane protein 1|vel blood group antigen,1p36.32,1,NC_000001.11,3772749,3775956,plus,4,615242
9606,Homo sapiens,333929,0,live,SNAI3,"SMUC, SNAIL3, ZNF293, Zfp293",snail family transcriptional repressor 3,zinc finger protein SNAI3|protein snail homolog 3|snail family zinc finger 3|snail homolog 3|zinc finger protein 293,16q24.2,16,NC_000016.10,88677688,88686507,minus,3,612741
9606,Homo sapiens,6622,0,live,SNCA,"NACP, PARK1, PARK4, PD1",synuclein alpha,"alpha-synuclein|I+/--synuclein|non A-beta component of AD amyloid|synuclein alpha-140|synuclein, alpha (non A4 component of amyloid precursor)|truncated alpha synuclein",4q22.1,4,NC_000004.12,89724099,89838324,minus,13,163890
9606,Homo sapiens,6620,0,live,SNCB,,synuclein beta,beta-synuclein|I(2)-synuclein,5q35.2,5,NC_000005.10,176620082,176630556,minus,7,602569
9606,Homo sapiens,6623,0,live,SNCG,"BCSG1, SR",synuclein gamma,"gamma-synuclein|-synuclein|E pound-synuclein|breast cancer-specific gene 1 protein|persyn|synoretin|synuclein, gamma (breast cancer-specific protein 1)",10q23.2,10,NC_000010.11,86955759,86963260,plus,7,602998
9606,Homo sapiens,9021,0,live,SOCS3,"ATOD4, CIS3, Cish3, SOCS-3, SSI-3, SSI3",suppressor of cytokine signaling 3,suppressor of cytokine signaling 3|STAT-induced STAT inhibitor 3|cytokine-inducible SH2 protein 3,17q25.3,17,NC_000017.11,78356778,78360925,minus,4,604176
9606,Homo sapiens,6647,0,live,SOD1,"ALS, ALS1, HEL-S-44, IPOA, SOD, STAHP, hSod1, homodimer",superoxide dismutase 1,"superoxide dismutase [Cu-Zn]|Cu/Zn superoxide dismutase|SOD, soluble|epididymis secretory protein Li 44|indophenoloxidase A|superoxide dismutase 1, soluble|superoxide dismutase, cystolic",21q22.11,21,NC_000021.9,31659693,31668931,plus,5,147450
9606,Homo sapiens,6649,0,live,SOD3,EC-SOD,superoxide dismutase 3,"extracellular superoxide dismutase [Cu-Zn]|superoxide dismutase 3, extracellular|testicular tissue protein Li 175",4p15.2,4,NC_000004.12,24795478,24800845,plus,3,185490
9606,Homo sapiens,6652,0,live,SORD,"HEL-S-95n, RDH, SDH1, SORDD, XDH, SORD",sorbitol dehydrogenase,"sorbitol dehydrogenase|(R,R)-butanediol dehydrogenase|L-iditol 2-dehydrogenase|epididymis secretory sperm binding protein Li 95n|polyol dehydrogenase|ribitol dehydrogenase|xylitol dehydrogenase",15q21.1,15,NC_000015.10,45023195,45077185,plus,9,182500
9606,Homo sapiens,6667,0,live,SP1,,Sp1 transcription factor,transcription factor Sp1|specificity protein 1,12q13.13,12,NC_000012.12,53380176,53416446,plus,7,189906
9606,Homo sapiens,261729,0,live,STEAP2,"IPCA1, PCANAP1, PUMPCn, STAMP1, STMP",STEAP2 metalloreductase,"metalloreductase STEAP2|STEAP family member 2, metalloreductase|SixTransMembrane Protein of Prostate 1|prostate cancer-associated protein 1|protein up-regulated in metastatic prostate cancer|protein upregulated in metastatic prostate cancer|six transmembrane epithelial antigen of the prostate 2|six-transmembrane epithelial antigen of prostate 2",7q21.13,7,NC_000007.14,90211740,90243408,plus,9,605094
9606,Homo sapiens,55240,0,live,STEAP3,"AHMIO2, STMP3, TSAP6, dudlin-2, dudulin-2, pHyde",STEAP3 metalloreductase,"metalloreductase STEAP3|STEAP family member 3, metalloreductase|six-transmembrane epithelial antigen of prostate 3|tumor suppressor pHyde|tumor suppressor-activated pathway protein 6",2q14.2,2,NC_000002.12,119222476,119265652,plus,11,609671
9606,Homo sapiens,79689,0,live,STEAP4,"STAMP2, SchLAH, TIARP, TNFAIP9",STEAP4 metalloreductase,"metalloreductase STEAP4|STEAP family member 4|seven chromosome locus associated with HCC|six transmembrane prostate protein 2|six-transmembrane epithelial antigen of prostate 4|sixTransMembrane protein of prostate 2|tumor necrosis factor, alpha-induced protein 9|tumor necrosis-alpha-induced adipose-related protein",7q21.12,7,NC_000007.14,88270892,88306894,minus,6,611098
9606,Homo sapiens,285362,0,live,SUMF1,"AAPA3037, FGE, UNQ3037",sulfatase modifying factor 1,formylglycine-generating enzyme|C-alpha-formylglycine-generating enzyme 1|FGly-generating enzyme,3p26.1,3,NC_000003.12,4034714,4467270,minus,15,607939
9606,Homo sapiens,6834,0,live,SURF1,CMT4K,SURF1 cytochrome c oxidase assembly factor,surfeit locus protein 1|surfeit 1,9q34.2,9,NC_000009.12,133351758,133356487,minus,9,185620
9606,Homo sapiens,6857,0,live,SYT1,"BAGOS, P65, SVP65, SYT",synaptotagmin 1,synaptotagmin-1|synaptotagmin I|sytI,12q21.2,12,NC_000012.12,78863982,79452008,plus,13,185605
9606,Homo sapiens,6863,0,live,TAC1,"Hs.2563, NK2, NKNA, NPK, TAC2",tachykinin precursor 1,"protachykinin-1|PPT|neurokinin 1|neurokinin 2|neurokinin A|neurokinin alpha|neuromedin L|neuropeptide K|neuropeptide gamma|preprotachykinin|protachykinin|substance K|substance P|tachykinin 2|tachykinin, precursor 1 (substance K, substance P, neurokinin 1, neurokinin 2, neuromedin L, neurokinin alpha, neuropeptide K, neuropeptide gamma)",7q21.3,7,NC_000007.14,97732086,97740472,plus,7,162320
9606,Homo sapiens,6866,0,live,TAC3,"HH10, LncZBTB39, NK3, NKB, NKNB, PRO1155, ZNEUROK1",tachykinin precursor 3,tachykinin-3|LncZBTB39-1:2|gamma tachykinin 3|neurokinin b|neuromedin K|preprotachykinin B|tachykinin 3,12q13.3,12,NC_000012.12,57010000,57016529,minus,9,162330
9606,Homo sapiens,7018,0,live,TF,"HEL-S-71p, PRO1557, PRO2086QTL1, TF",transferrin,serotransferrin|beta-1 metal-binding globulin|epididymis secretory sperm binding protein Li 71p|siderophilin,3q22.1,3,NC_000003.12,133661998,133796641,plus,24,190000
9606,Homo sapiens,7031,0,live,TFF1,"BCEI, D21S21, HP1.A, HPS2, pNR-2, pS2",trefoil factor 1,trefoil factor 1|breast cancer estrogen-inducible protein|breast cancer estrogen-inducible sequence|gastrointestinal trefoil protein pS2|polypeptide P1.A|protein pS2,21q22.3,21,NC_000021.9,42362282,42366535,minus,3,113710
9606,Homo sapiens,1678,0,live,TIMM8A,"DDP, DDP1, DFN1, MTS, TIM8",translocase of inner mitochondrial membrane 8A,mitochondrial import inner membrane translocase subunit Tim8 A|X-linked deafness dystonia protein|deafness dystonia protein 1|deafness/dystonia peptide|translocase of inner mitochondrial membrane 8 homolog A,Xq22.1,X,NC_000023.11,101345661,101348742,minus,2,300356
9606,Homo sapiens,7150,0,live,TOP1,TOPI,DNA topoisomerase I,DNA topoisomerase 1|Scl-70 antigen|topoisomerase (DNA) I|type I DNA topoisomerase,20q12,20,NC_000020.11,41028822,41124487,plus,21,126420
9606,Homo sapiens,7157,0,live,TP53,"BCC7, BMFS5, LFS1, P53, TRP53",tumor protein p53,cellular tumor antigen p53|antigen NY-CO-13|mutant tumor protein 53|p53 tumor suppressor|phosphoprotein p53|transformation-related protein 53|tumor protein 53|tumor supressor p53,17p13.1,17,NC_000017.11,7668402,7687550,minus,12,191170
9606,Homo sapiens,57348,0,live,TTYH1,,tweety family member 1,protein tweety homolog 1|hTTY1|tweety homolog 1,19q13.42,19,NC_000019.10,54415464,54436904,plus,14,605784
9606,Homo sapiens,7299,0,live,TYR,"ATN, CMM8, OCA1, OCA1A, OCAIA, SHEP3",tyrosinase,tyrosinase|LB24-AB|SK29-AB|monophenol monooxygenase|oculocutaneous albinism IA|tumor rejection antigen AB,11q14.3,11,NC_000011.10,89177565,89295759,plus,6,606933
9606,Homo sapiens,7306,0,live,TYRP1,"CAS2, CATB, GP75, OCA3, TRP, TRP1, TYRP, b-PROTEIN",tyrosinase related protein 1,"5,6-dihydroxyindole-2-carboxylic acid oxidase|DHICA oxidase|catalase B|glycoprotein 75|melanoma antigen gp75",9p23,9,NC_000009.12,12693375,12710285,plus,8,115501
9606,Homo sapiens,8408,0,live,ULK1,"ATG1, ATG1A, UNC51, Unc51.1, hATG1",unc-51 like autophagy activating kinase 1,serine/threonine-protein kinase ULK1|ATG1 autophagy related 1 homolog|autophagy-related protein 1 homolog,12q24.33,12,NC_000012.12,131894622,131923150,plus,28,603168
9606,Homo sapiens,9706,0,live,ULK2,"ATG1B, Unc51.2",unc-51 like autophagy activating kinase 2,serine/threonine-protein kinase ULK2,17p11.2,17,NC_000017.11,19770828,19867936,minus,29,608650
9606,Homo sapiens,23326,0,live,USP22,USP3L,ubiquitin specific peptidase 22,ubiquitin carboxyl-terminal hydrolase 22|deubiquitinating enzyme 22|ubiquitin specific protease 22|ubiquitin thioesterase 22|ubiquitin thiolesterase 22|ubiquitin-specific processing protease 22,17p11.2,17,NC_000017.11,20999596,21043409,minus,14,612116
9606,Homo sapiens,7422,0,live,VEGFA,"MVCD1, VEGF, VPF",vascular endothelial growth factor A,vascular endothelial growth factor A|vascular endothelial growth factor A121|vascular endothelial growth factor A165|vascular permeability factor,6p21.1,6,NC_000006.12,43770209,43786487,plus,9,192240
9606,Homo sapiens,7431,0,live,VIM,,vimentin,vimentin|epididymis secretory sperm binding protein,10p13,10,NC_000010.11,17228241,17237593,plus,10,193060
9606,Homo sapiens,55737,0,live,VPS35,"MEM3, PARK17",VPS35 retromer complex component,vacuolar protein sorting-associated protein 35|hVPS35|maternal-embryonic 3|vacuolar protein sorting 35 homolog,16q11.2,16,NC_000016.10,46656132,46689194,minus,17,601501
9606,Homo sapiens,331,0,live,XIAP,"API3, BIRC4, IAP-3, ILP1, MIHA, XLP2, hIAP-3, hIAP3",X-linked inhibitor of apoptosis,"E3 ubiquitin-protein ligase XIAP|IAP-like protein 1|RING-type E3 ubiquitin transferase XIAP|X-linked IAP|X-linked inhibitor of apoptosis, E3 ubiquitin protein ligase|baculoviral IAP repeat-containing protein 4|inhibitor of apoptosis protein 3",Xq25,X,NC_000023.11,123859708,123913972,plus,10,300079
9606,Homo sapiens,10269,0,live,ZMPSTE24,"FACE-1, FACE1, HGPS, PRO1, STE24, Ste24p",zinc metallopeptidase STE24,CAAX prenyl protease 1 homolog|farnesylated proteins-converting enzyme 1|prenyl protein-specific endoprotease 1|zinc metallopeptidase STE24 homolog|zinc metalloproteinase Ste24 homolog,1p34.2,1,NC_000001.11,40258078,40294180,plus,11,606480
9606,Homo sapiens,7789,0,live,ZXDA,ZNF896,zinc finger X-linked duplicated A,zinc finger X-linked protein ZXDA|zinc finger protein 896,Xp11.21,X,NC_000023.11,57905430,57910458,minus,1,300235
9606,Homo sapiens,158586,0,live,ZXDB,"ZNF905, dJ83L6.1",zinc finger X-linked duplicated B,zinc finger X-linked protein ZXDB,Xp11.21,X,NC_000023.11,57592011,57597477,plus,1,300236